Workbook

Sheet Data
A1: Date | B1: Date_ddmmyyyy | C1: url | D1: SYMBOL | E1: SERIES | F1: DATE1 | G1: PREV_CLOSE | H1: OPEN_PRICE | I1: HIGH_PRICE | J1: LOW_PRICE | K1: LAST_PRICE | L1: CLOSE_PRICE | M1: AVG_PRICE | N1: TTL_TRD_QNTY | O1: TURNOVER_LACS | P1: NO_OF_TRADES | Q1: DELIV_QTY | R1: DELIV_PER
A2: 45289 | B2: 29122023 | C2: https://archives.nseindia.com/products/content/sec_bhavdata_full_29122023.csv | D2: 20MICRONS | E2: EQ | F2: 45289 | G2: 179.35 | H2: 180.75 | I2: 180.75 | J2: 174.5 | K2: 178.4 | L2: 176.2 | M2: 176.17 | N2: 109295 | O2: 192.54 | P2: 7040 | Q2: 54973 | R2: 50.3
A3: 45289 | B3: 29122023 | C3: https://archives.nseindia.com/products/content/sec_bhavdata_full_29122023.csv | D3: 360ONE | E3: EQ | F3: 45289 | G3: 708.8 | H3: 708 | I3: 715 | J3: 687.1 | K3: 710 | L3: 709.85 | M3: 706.13 | N3: 455697 | O3: 3217.83 | P3: 20339 | Q3: 246547 | R3: 54.1
A4: 45289 | B4: 29122023 | C4: https://archives.nseindia.com/products/content/sec_bhavdata_full_29122023.csv | D4: 3IINFOLTD | E4: EQ | F4: 45289 | G4: 45.55 | H4: 45.9 | I4: 51.9 | J4: 45.4 | K4: 49.45 | L4: 48.95 | M4: 49.84 | N4: 19237396 | O4: 9587.25 | P4: 53665 | Q4: 5191200 | R4: 26.98
A5: 45289 | B5: 29122023 | C5: https://archives.nseindia.com/products/content/sec_bhavdata_full_29122023.csv | D5: 3MINDIA | E5: EQ | F5: 45289 | G5: 35091.35 | H5: 35091.95 | I5: 39876.1 | J5: 34852.2 | K5: 36897 | L5: 37309.15 | M5: 37293.59 | N5: 54528 | O5: 20335.45 | P5: 24803 | Q5: 11156 | R5: 20.46
A6: 45289 | B6: 29122023 | C6: https://archives.nseindia.com/products/content/sec_bhavdata_full_29122023.csv | D6: 3PLAND | E6: EQ | F6: 45289 | G6: 26.75 | H6: 26.05 | I6: 27.45 | J6: 26.05 | K6: 26.95 | L6: 26.9 | M6: 26.78 | N6: 9839 | O6: 2.63 | P6: 317 | Q6: 4794 | R6: 48.72
A7: 45289 | B7: 29122023 | C7: https://archives.nseindia.com/products/content/sec_bhavdata_full_29122023.csv | D7: 5PAISA | E7: EQ | F7: 45289 | G7: 554.6 | H7: 554 | I7: 580 | J7: 550 | K7: 566 | L7: 566.25 | M7: 569.43 | N7: 365347 | O7: 2080.39 | P7: 22671 | Q7: 128774 | R7: 35.25
A8: 45289 | B8: 29122023 | C8: https://archives.nseindia.com/products/content/sec_bhavdata_full_29122023.csv | D8: AAATECH | E8: EQ | F8: 45289 | G8: 83.55 | H8: 83.95 | I8: 84.15 | J8: 82.25 | K8: 83.3 | L8: 83.7 | M8: 83.22 | N8: 56761 | O8: 47.24 | P8: 878 | Q8: 34151 | R8: 60.17
A9: 45289 | B9: 29122023 | C9: https://archives.nseindia.com/products/content/sec_bhavdata_full_29122023.csv | D9: AARON | E9: EQ | F9: 45289 | G9: 282.6 | H9: 278.2 | I9: 286 | J9: 278.2 | K9: 283 | L9: 282.1 | M9: 281.95 | N9: 5904 | O9: 16.65 | P9: 496 | Q9: 3934 | R9: 66.63
A10: 45289 | B10: 29122023 | C10: https://archives.nseindia.com/products/content/sec_bhavdata_full_29122023.csv | D10: AARTECH | E10: EQ | F10: 45289 | G10: 139.45 | H10: 139 | I10: 141.65 | J10: 134 | K10: 135 | L10: 134.7 | M10: 137.78 | N10: 22505 | O10: 31.01 | P10: 2079 | Q10: 4802 | R10: 21.34
A11: 45289 | B11: 29122023 | C11: https://archives.nseindia.com/products/content/sec_bhavdata_full_29122023.csv | D11: AARTIDRUGS | E11: EQ | F11: 45289 | G11: 493.4 | H11: 493.4 | I11: 499.75 | J11: 487.6 | K11: 489 | L11: 489.2 | M11: 491.99 | N11: 363169 | O11: 1786.74 | P11: 14426 | Q11: 152061 | R11: 41.87
A12: 45289 | B12: 29122023 | C12: https://archives.nseindia.com/products/content/sec_bhavdata_full_29122023.csv | D12: AARTIIND | E12: EQ | F12: 45289 | G12: 639.65 | H12: 648 | I12: 661.5 | J12: 643.05 | K12: 649.8 | L12: 649.6 | M12: 651.44 | N12: 3941092 | O12: 25673.91 | P12: 77465 | Q12: 1398708 | R12: 35.49
A13: 45289 | B13: 29122023 | C13: https://archives.nseindia.com/products/content/sec_bhavdata_full_29122023.csv | D13: AARTIPHARM | E13: EQ | F13: 45289 | G13: 512.6 | H13: 515 | I13: 518.2 | J13: 498.1 | K13: 504 | L13: 504.45 | M13: 506.15 | N13: 279820 | O13: 1416.31 | P13: 12283 | Q13: 127202 | R13: 45.46
... A1800: 45289 | B1800: 29122023 | C1800: https://archives.nseindia.com/products/content/sec_bhavdata_full_29122023.csv | D1800: ZYDUSWELL | E1800: EQ | F1800: 45289 | G1800: 1643.15 | H1800: 1675 | I1800: 1706.15 | J1800: 1663.4 | K1800: 1673.95 | L1800: 1681.1 | M1800: 1680.06 | N1800: 143919 | O1800: 2417.93 | P1800: 14792 | Q1800: 48776 | R1800: 33.89

Sheet Url Links
A1: Date | B1: Date_ddmmyyyy | C1: url
A2: =WORKDAY(DATE(2023,12,31)+1,-1,'Holiday List'!$A$2:$A$36) -> 45289 | B2: =TEXT(A2,"ddmmyyyy") -> 29122023 | C2: ="https://archives.nseindia.com/products/content/sec_bhavdata_full_"&B2&".csv" -> https://archives.nseindia.com/products/content/sec_bhavdata_full_29122023.csv
A3: =WORKDAY(A2,-1,'Holiday List'!$A$2:$A$36) -> 45288 | B3: =TEXT(A3,"ddmmyyyy") -> 28122023 | C3: ="https://archives.nseindia.com/products/content/sec_bhavdata_full_"&B3&".csv" -> https://archives.nseindia.com/products/content/sec_bhavdata_full_28122023.csv
A4: =WORKDAY(A3,-1,'Holiday List'!$A$2:$A$36) -> 45287 | B4: =TEXT(A4,"ddmmyyyy") -> 27122023 | C4: ="https://archives.nseindia.com/products/content/sec_bhavdata_full_"&B4&".csv" -> https://archives.nseindia.com/products/content/sec_bhavdata_full_27122023.csv
A5: =WORKDAY(A4,-1,'Holiday List'!$A$2:$A$36) -> 45286 | B5: =TEXT(A5,"ddmmyyyy") -> 26122023 | C5: ="https://archives.nseindia.com/products/content/sec_bhavdata_full_"&B5&".csv" -> https://archives.nseindia.com/products/content/sec_bhavdata_full_26122023.csv
A6: =WORKDAY(A5,-1,'Holiday List'!$A$2:$A$36) -> 45282 | B6: =TEXT(A6,"ddmmyyyy") -> 22122023 | C6: ="https://archives.nseindia.com/products/content/sec_bhavdata_full_"&B6&".csv" -> https://archives.nseindia.com/products/content/sec_bhavdata_full_22122023.csv
A7: =WORKDAY(A6,-1,'Holiday List'!$A$2:$A$36) -> 45281 | B7: =TEXT(A7,"ddmmyyyy") -> 21122023 | C7: ="https://archives.nseindia.com/products/content/sec_bhavdata_full_"&B7&".csv" -> https://archives.nseindia.com/products/content/sec_bhavdata_full_21122023.csv
A8: =WORKDAY(A7,-1,'Holiday List'!$A$2:$A$36) -> 45280 | B8: =TEXT(A8,"ddmmyyyy") -> 20122023 | C8: ="https://archives.nseindia.com/products/content/sec_bhavdata_full_"&B8&".csv" -> https://archives.nseindia.com/products/content/sec_bhavdata_full_20122023.csv
A9: =WORKDAY(A8,-1,'Holiday List'!$A$2:$A$36) -> 45279 | B9: =TEXT(A9,"ddmmyyyy") -> 19122023 | C9: ="https://archives.nseindia.com/products/content/sec_bhavdata_full_"&B9&".csv" -> https://archives.nseindia.com/products/content/sec_bhavdata_full_19122023.csv
A10: =WORKDAY(A9,-1,'Holiday List'!$A$2:$A$36) -> 45278 | B10: =TEXT(A10,"ddmmyyyy") -> 18122023 | C10: ="https://archives.nseindia.com/products/content/sec_bhavdata_full_"&B10&".csv" -> https://archives.nseindia.com/products/content/sec_bhavdata_full_18122023.csv
A11: =WORKDAY(A10,-1,'Holiday List'!$A$2:$A$36) -> 45275 | B11: =TEXT(A11,"ddmmyyyy") -> 15122023 | C11: ="https://archives.nseindia.com/products/content/sec_bhavdata_full_"&B11&".csv" -> https://archives.nseindia.com/products/content/sec_bhavdata_full_15122023.csv
A12: =WORKDAY(A11,-1,'Holiday List'!$A$2:$A$36) -> 45274 | B12: =TEXT(A12,"ddmmyyyy") -> 14122023 | C12: ="https://archives.nseindia.com/products/content/sec_bhavdata_full_"&B12&".csv" -> https://archives.nseindia.com/products/content/sec_bhavdata_full_14122023.csv
A13: =WORKDAY(A12,-1,'Holiday List'!$A$2:$A$36) -> 45273 | B13: =TEXT(A13,"ddmmyyyy") -> 13122023 | C13: ="https://archives.nseindia.com/products/content/sec_bhavdata_full_"&B13&".csv" -> https://archives.nseindia.com/products/content/sec_bhavdata_full_13122023.csv
A14: =WORKDAY(A13,-1,'Holiday List'!$A$2:$A$36) -> 45272 | B14: =TEXT(A14,"ddmmyyyy") -> 12122023 | C14: ="https://archives.nseindia.com/products/content/sec_bhavdata_full_"&B14&".csv" -> https://archives.nseindia.com/products/content/sec_bhavdata_full_12122023.csv
... A242: =WORKDAY(A241,-1,'Holiday List'!$A$2:$A$36) -> 44928 | B242: =TEXT(A242,"ddmmyyyy") -> 02012023 | C242: ="https://archives.nseindia.com/products/content/sec_bhavdata_full_"&B242&".csv" -> https://archives.nseindia.com/products/content/sec_bhavdata_full_02012023.csv

Sheet Holiday List
A1: NSE Holidays
A2: 45313
A3: 45317
A4: 45359
A5: 45376
A6: 45380
A7: 45393
A8: 45399
A9: 45413
A10: 45432
A11: 45460
A12: 45490
A13: 45519
... A36: 45285
